Num_Cta,Cli_codigo,TipoCuenta,Sucursal,FechaApertura,Saldo
191-10001-20,C0001,CTA AHORROS DOLARES,Lince,29/07/2021,10368.13
191-10002-91,C0002,CTA AHORROS DOLARES,Cajamarca,28/08/2021,13716.48
191-10003-48,C0003,CTA AHORROS DOLARES,Miraflores,13/06/2015,5530.71
191-10004-10,C0004,CTA AHORROS DOLARES,Cajamarca,12/04/2021,14375.25
191-10005-83,C0005,CTA AHORROS SOLES,La Molina,28/08/2012,8735.16
191-10006-52,C0006,NA,Callao,15/05/2016,12826.94
191-10007-68,C0007,NA,Miraflores,20/02/2022,581.22
191-10008-75,C0008,CTA AHORROS DOLARES,Callao,24/09/2017,5657.8
191-10009-57,C0009,CTA AHORROS DOLARES,Lince,03/04/2021,9397.43
191-10010-90,C0010,NA,La Molina,15/02/2014,6330.69
191-10011-38,C0011,NA,Miraflores,21/12/2018,14720.09
191-10012-79,C0012,NA,San Isidro,16/12/2024,5365.52
191-10013-37,C0013,CTA AHORROS SOLES,Lince,17/05/2017,6193.46
191-10014-50,C0014,CTA CORRIENTE,Surco,08/10/2022,7058.87
191-10015-89,C0015,CTA AHORROS DOLARES,Callao,13/10/2010,9109.47
191-10016-95,C0016,CTA CORRIENTE,Callao,21/08/2018,3148.69
191-10017-91,C0017,CTA AHORROS SOLES,Surco,29/03/2014,11897.19
191-10018-47,C0018,CTA CORRIENTE,Surco,01/02/2015,4297.72
191-10019-34,C0019,CTA AHORROS SOLES,La Molina,04/11/2021,5001.65
191-10020-52,C0020,CTA AHORROS DOLARES,Lince,04/12/2017,7695.19
191-10021-92,C0021,CTA AHORROS SOLES,Lince,23/07/2015,11378.42
191-10022-38,C0022,CTA AHORROS SOLES,La Molina,01/03/2013,10903.69
191-10023-65,C0023,CTA AHORROS SOLES,San Isidro,30/12/2013,3879.62
191-10024-61,C0024,CTA AHORROS DOLARES,Cajamarca,20/01/2013,13678.37
191-10025-70,C0025,NA,Cajamarca,30/05/2019,4413.35
191-10026-67,C0026,CTA AHORROS SOLES,Surco,28/10/2011,4932.98
191-10027-36,C0027,CTA AHORROS DOLARES,Surco,03/12/2020,14138.75
191-10028-99,C0028,CTA CORRIENTE,Miraflores,06/01/2020,13952.2
191-10029-45,C0029,NA,Miraflores,04/11/2024,9446.45
191-10030-15,C0030,CTA AHORROS DOLARES,Callao,04/02/2010,9387.06
191-10031-81,C0031,CTA CORRIENTE,San Isidro,23/07/2012,6177.88
191-10032-10,C0032,CTA AHORROS SOLES,Surco,31/07/2011,8216.56
191-10033-37,C0033,CTA AHORROS DOLARES,San Isidro,26/12/2018,5597.18
191-10034-56,C0034,CTA AHORROS SOLES,Miraflores,24/06/2023,10687.71
191-10035-62,C0035,CTA CORRIENTE,La Molina,31/03/2023,8563.92
191-10036-46,C0036,NA,Lince,29/11/2012,3026.37
191-10037-40,C0037,NA,Cajamarca,06/11/2010,4031.64
191-10038-28,C0038,CTA AHORROS DOLARES,La Molina,13/08/2011,14106.29
191-10039-11,C0039,NA,La Molina,19/03/2011,13276.45
191-10040-45,C0040,CTA AHORROS DOLARES,Callao,14/12/2012,1967.06
191-10041-23,C0041,CTA AHORROS DOLARES,Lince,15/04/2017,8352.71
191-10042-40,C0042,NA,Miraflores,09/06/2013,10107.1
191-10043-73,C0043,CTA AHORROS DOLARES,Surco,07/01/2021,13915.46
191-10044-13,C0044,CTA AHORROS SOLES,San Isidro,23/06/2019,4311.21
191-10045-30,C0045,NA,Lince,19/01/2022,1452.63
191-10046-48,C0046,CTA CORRIENTE,Lince,12/05/2019,13214.39
191-10047-84,C0047,NA,Surco,25/06/2021,3296.1
191-10048-90,C0048,CTA AHORROS DOLARES,Miraflores,02/12/2019,7735.91
191-10049-64,C0049,CTA AHORROS SOLES,Cajamarca,10/02/2012,4890.73
191-10050-18,C0050,CTA AHORROS DOLARES,Surco,26/08/2018,6267.66
191-10051-93,C0051,CTA CORRIENTE,Surco,04/05/2017,6566.08
191-10052-43,C0052,CTA CORRIENTE,Lince,14/10/2024,1297.45
191-10053-87,C0053,CTA AHORROS DOLARES,La Molina,27/02/2024,5695.72
191-10054-49,C0054,NA,Surco,22/01/2018,5408.72
191-10055-34,C0055,CTA AHORROS SOLES,Miraflores,12/06/2014,6106.87
191-10056-28,C0056,NA,Lince,16/04/2024,11941.13
191-10057-83,C0057,CTA AHORROS SOLES,Callao,03/12/2020,6847.32
191-10058-12,C0058,CTA AHORROS DOLARES,La Molina,16/12/2013,12019.03
191-10059-91,C0059,CTA AHORROS SOLES,San Isidro,06/01/2023,9713.74
191-10060-42,C0060,CTA AHORROS SOLES,Lince,31/05/2023,11675.66
191-10061-92,C0061,CTA CORRIENTE,Lince,01/03/2022,5506.25
191-10062-55,C0062,CTA AHORROS SOLES,San Isidro,18/06/2014,7426.31
191-10063-75,C0063,CTA AHORROS SOLES,Callao,21/07/2024,9458.14
191-10064-12,C0064,CTA AHORROS SOLES,La Molina,06/01/2016,10407.45
191-10065-67,C0065,CTA AHORROS SOLES,La Molina,12/10/2014,14298.58
191-10066-34,C0066,CTA AHORROS DOLARES,Cajamarca,23/09/2013,7512.32
191-10067-14,C0067,NA,Lince,13/11/2012,6659.11
191-10068-45,C0068,CTA AHORROS DOLARES,Callao,15/09/2021,11034.06
191-10069-14,C0069,NA,Surco,03/04/2019,14584.5
191-10070-27,C0070,NA,Miraflores,16/06/2024,11352.0
191-10071-84,C0071,NA,Lince,19/10/2016,10059.69
191-10072-82,C0072,CTA AHORROS SOLES,La Molina,03/08/2022,2168.84
191-10073-93,C0073,CTA CORRIENTE,Callao,06/04/2020,9689.67
191-10074-92,C0074,NA,La Molina,26/10/2022,12357.03
191-10075-61,C0075,CTA AHORROS DOLARES,La Molina,19/03/2021,14854.05
191-10076-26,C0076,CTA AHORROS DOLARES,San Isidro,21/06/2012,11032.76
191-10077-17,C0077,CTA CORRIENTE,Lince,03/02/2013,1805.4
191-10078-60,C0078,NA,La Molina,20/02/2018,11623.5
191-10079-53,C0079,CTA AHORROS DOLARES,La Molina,09/07/2010,6256.15
191-10080-24,C0080,NA,Miraflores,01/05/2011,13410.85
191-10081-96,C0081,CTA AHORROS DOLARES,Callao,14/07/2020,5354.11
191-10082-83,C0082,CTA AHORROS DOLARES,Miraflores,17/09/2024,13370.27
191-10083-36,C0083,NA,Lince,04/09/2014,12260.7
191-10084-95,C0084,NA,Miraflores,08/06/2013,581.85
191-10085-83,C0085,CTA CORRIENTE,Surco,08/09/2012,9234.12
191-10086-66,C0086,CTA AHORROS DOLARES,Surco,18/04/2014,13421.43
191-10087-48,C0087,NA,Surco,19/06/2011,5178.34
191-10088-12,C0088,CTA AHORROS SOLES,Miraflores,19/02/2012,11169.02
191-10089-79,C0089,CTA CORRIENTE,La Molina,20/06/2020,6847.67
191-10090-12,C0090,NA,Lince,17/05/2019,14940.29
191-10091-34,C0091,CTA CORRIENTE,San Isidro,24/07/2018,11605.7
191-10092-70,C0092,CTA AHORROS DOLARES,La Molina,06/06/2016,624.8
191-10093-91,C0093,CTA AHORROS SOLES,Lince,13/12/2012,6775.01
191-10094-58,C0094,CTA AHORROS SOLES,Miraflores,04/10/2013,3197.71
191-10095-50,C0095,CTA AHORROS SOLES,Miraflores,09/02/2022,1751.8
191-10096-49,C0096,NA,Lince,10/05/2021,5976.98
191-10097-41,C0097,CTA AHORROS SOLES,Surco,26/08/2023,13799.87
191-10098-20,C0098,CTA AHORROS SOLES,Cajamarca,06/08/2010,4452.58
191-10099-48,C0099,CTA CORRIENTE,Miraflores,19/11/2011,4884.58
191-10100-74,C0100,CTA AHORROS DOLARES,Surco,19/10/2017,14010.89
191-10101-86,C0101,CTA AHORROS SOLES,La Molina,14/05/2014,11973.65
191-10102-30,C0102,CTA CORRIENTE,Cajamarca,18/09/2021,14738.77
191-10103-54,C0103,CTA AHORROS SOLES,Miraflores,08/04/2016,13337.43
191-10104-66,C0104,CTA AHORROS SOLES,Surco,18/10/2010,11843.81
191-10105-41,C0105,NA,Cajamarca,03/05/2022,1449.55
191-10106-14,C0106,NA,La Molina,05/08/2012,3261.06
191-10107-53,C0107,CTA CORRIENTE,Callao,02/10/2010,9153.58
191-10108-62,C0108,CTA CORRIENTE,Surco,29/01/2022,3159.46
191-10109-28,C0109,NA,San Isidro,07/07/2014,8786.87
191-10110-73,C0110,CTA CORRIENTE,Lince,18/04/2012,5225.33
191-10111-39,C0111,CTA CORRIENTE,Cajamarca,29/08/2024,5539.77
191-10112-84,C0112,NA,San Isidro,08/10/2016,11903.2
191-10113-48,C0113,CTA AHORROS DOLARES,Callao,22/11/2019,5855.17
191-10114-95,C0114,NA,La Molina,03/08/2020,6446.62
191-10115-55,C0115,CTA CORRIENTE,Surco,09/06/2010,13797.0
191-10116-44,C0116,CTA CORRIENTE,San Isidro,27/08/2017,5841.26
191-10117-91,C0117,CTA AHORROS SOLES,La Molina,20/08/2017,2486.47
191-10118-36,C0118,CTA CORRIENTE,Miraflores,29/08/2014,12424.29
191-10119-52,C0119,NA,Cajamarca,13/08/2015,13216.64
191-10120-34,C0120,CTA AHORROS SOLES,Cajamarca,24/06/2023,8610.75
191-10121-10,C0121,CTA AHORROS SOLES,Miraflores,10/02/2014,9073.26
191-10122-71,C0122,CTA CORRIENTE,San Isidro,10/02/2015,7954.09
191-10123-92,C0123,CTA AHORROS DOLARES,Callao,14/07/2022,5756.65
191-10124-26,C0124,CTA CORRIENTE,San Isidro,18/05/2024,9872.34
191-10125-80,C0125,NA,San Isidro,09/04/2024,1997.73
191-10126-76,C0126,CTA CORRIENTE,Lince,04/02/2015,7716.07
191-10127-75,C0127,CTA AHORROS SOLES,Surco,16/03/2010,13957.5
191-10128-92,C0128,NA,Callao,16/11/2010,6760.33
191-10129-18,C0129,CTA AHORROS DOLARES,Surco,04/10/2019,2793.0
191-10130-33,C0130,CTA CORRIENTE,Lince,20/02/2018,12519.66
191-10131-18,C0131,CTA CORRIENTE,Surco,12/12/2010,1428.23
191-10132-61,C0132,CTA CORRIENTE,La Molina,12/10/2020,3858.47
191-10133-94,C0133,CTA AHORROS DOLARES,La Molina,12/09/2018,820.16
191-10134-81,C0134,CTA AHORROS SOLES,San Isidro,07/10/2020,4456.63
191-10135-26,C0135,CTA AHORROS DOLARES,La Molina,17/08/2012,14311.03
191-10136-32,C0136,NA,San Isidro,16/12/2021,530.35
191-10137-28,C0137,CTA CORRIENTE,La Molina,12/10/2021,1021.9
191-10138-27,C0138,CTA AHORROS DOLARES,Surco,14/12/2017,4773.21
191-10139-10,C0139,NA,Callao,14/04/2010,5597.95
191-10140-98,C0140,CTA CORRIENTE,San Isidro,03/01/2019,14615.41
191-10141-82,C0141,NA,Cajamarca,02/01/2023,14407.16
191-10142-49,C0142,NA,Callao,14/03/2010,4146.78
191-10143-10,C0143,CTA AHORROS SOLES,Callao,12/06/2017,12764.68
191-10144-41,C0144,NA,San Isidro,25/06/2015,8244.36
191-10145-74,C0145,CTA AHORROS DOLARES,Cajamarca,05/05/2020,8456.6
191-10146-98,C0146,NA,Surco,21/05/2015,9802.95
191-10147-45,C0147,CTA CORRIENTE,Cajamarca,22/07/2014,7998.53
191-10148-24,C0148,NA,Cajamarca,23/11/2019,8595.98
191-10149-87,C0149,CTA AHORROS DOLARES,Callao,11/10/2016,11956.61
191-10150-18,C0150,CTA AHORROS SOLES,Miraflores,31/03/2014,14398.51
191-10151-31,C0151,CTA AHORROS SOLES,Lince,01/04/2016,4843.52
191-10152-85,C0152,CTA AHORROS DOLARES,Callao,02/09/2013,8209.78
191-10153-47,C0153,NA,La Molina,05/02/2021,13583.68
191-10154-57,C0154,CTA CORRIENTE,Lince,01/11/2024,6519.97
191-10155-99,C0155,NA,Lince,26/01/2018,2839.69
191-10156-81,C0156,CTA CORRIENTE,San Isidro,26/05/2019,8904.37
191-10157-53,C0157,CTA AHORROS SOLES,La Molina,16/03/2014,11338.81
191-10158-89,C0158,NA,Miraflores,28/07/2022,535.91
191-10159-77,C0159,CTA AHORROS DOLARES,Callao,19/11/2022,2223.75
191-10160-22,C0160,NA,Callao,02/04/2019,14207.93
191-10161-54,C0161,CTA AHORROS DOLARES,Miraflores,24/07/2015,12796.81
191-10162-71,C0162,CTA AHORROS DOLARES,Surco,19/07/2024,4871.22
191-10163-14,C0163,NA,Lince,17/10/2023,9336.24
191-10164-78,C0164,CTA AHORROS DOLARES,Lince,29/07/2016,1247.44
191-10165-52,C0165,CTA AHORROS DOLARES,Surco,23/01/2013,12348.42
191-10166-55,C0166,CTA AHORROS SOLES,Cajamarca,05/01/2018,4045.57
191-10167-34,C0167,NA,Lince,24/11/2016,1123.61
191-10168-85,C0168,CTA AHORROS SOLES,San Isidro,03/11/2016,9098.11
191-10169-79,C0169,NA,Callao,17/05/2012,10865.26
191-10170-98,C0170,NA,Surco,22/07/2024,13398.35
191-10171-74,C0171,CTA AHORROS DOLARES,Cajamarca,28/02/2018,4414.16
191-10172-42,C0172,NA,Cajamarca,21/02/2010,12020.25
191-10173-37,C0173,CTA AHORROS SOLES,San Isidro,26/09/2018,2601.89
191-10174-24,C0174,CTA CORRIENTE,Lince,16/10/2018,12656.93
191-10175-88,C0175,CTA AHORROS DOLARES,Miraflores,07/10/2010,13209.13
191-10176-76,C0176,CTA CORRIENTE,San Isidro,24/02/2024,14354.17
191-10177-53,C0177,NA,La Molina,26/12/2013,4450.16
191-10178-30,C0178,NA,Callao,07/01/2021,14503.09
191-10179-13,C0179,CTA AHORROS DOLARES,Callao,09/09/2021,8331.16
191-10180-35,C0180,CTA AHORROS DOLARES,La Molina,28/04/2011,3679.39
191-10181-66,C0181,NA,Cajamarca,09/04/2014,1540.54
191-10182-88,C0182,CTA AHORROS SOLES,Callao,17/09/2024,12933.81
191-10183-18,C0183,NA,Callao,19/03/2020,2291.65
191-10184-85,C0184,CTA AHORROS SOLES,La Molina,05/07/2021,13749.92
191-10185-93,C0185,CTA CORRIENTE,Lince,21/03/2011,1508.41
191-10186-73,C0186,CTA AHORROS SOLES,Cajamarca,05/08/2010,5966.31
191-10187-16,C0187,NA,Surco,14/12/2024,6888.15
191-10188-52,C0188,CTA AHORROS DOLARES,Lince,16/07/2021,5201.52
191-10189-33,C0189,CTA CORRIENTE,La Molina,04/04/2020,3406.73
191-10190-56,C0190,CTA AHORROS SOLES,San Isidro,27/04/2012,5272.7
191-10191-44,C0191,CTA CORRIENTE,La Molina,08/06/2024,14713.13
191-10192-67,C0192,CTA CORRIENTE,La Molina,21/03/2021,5958.48
191-10193-63,C0193,CTA CORRIENTE,San Isidro,22/02/2015,1296.77
191-10194-68,C0194,CTA AHORROS SOLES,Lince,02/01/2013,10904.94
191-10195-21,C0195,CTA AHORROS DOLARES,Cajamarca,08/05/2010,5650.58
191-10196-61,C0196,CTA AHORROS DOLARES,Lince,03/04/2012,12940.56
191-10197-99,C0197,CTA CORRIENTE,Lince,23/11/2017,8728.01
191-10198-26,C0198,NA,Lince,02/12/2017,14851.43
191-10199-90,C0199,CTA AHORROS SOLES,Callao,01/11/2020,6416.92
191-10200-92,C0200,CTA AHORROS DOLARES,La Molina,04/03/2010,6023.49
191-10201-50,C0201,NA,Surco,23/04/2014,6487.52
191-10202-91,C0202,CTA AHORROS SOLES,San Isidro,18/06/2020,13498.74
191-10203-67,C0203,NA,Callao,07/11/2015,1362.16
191-10204-93,C0204,CTA CORRIENTE,San Isidro,11/10/2018,4841.46
191-10205-15,C0205,CTA CORRIENTE,La Molina,01/01/2015,11514.54
191-10206-73,C0206,NA,Miraflores,15/07/2021,11364.13
191-10207-70,C0207,NA,San Isidro,17/08/2015,9397.39
191-10208-52,C0208,CTA AHORROS SOLES,Miraflores,28/05/2017,3074.68
191-10209-43,C0209,CTA CORRIENTE,Cajamarca,13/12/2019,4500.84
191-10210-42,C0210,CTA CORRIENTE,La Molina,10/03/2020,5306.64
191-10211-31,C0211,CTA CORRIENTE,Surco,02/07/2014,12554.16
191-10212-79,C0212,CTA CORRIENTE,Lince,27/09/2022,8399.68
191-10213-23,C0213,CTA AHORROS SOLES,Cajamarca,21/02/2011,12820.44
191-10214-34,C0214,CTA AHORROS DOLARES,Miraflores,26/03/2016,7051.78
191-10215-73,C0215,NA,La Molina,02/01/2020,7727.16
191-10216-35,C0216,CTA AHORROS SOLES,La Molina,05/05/2013,7913.2
191-10217-57,C0217,CTA AHORROS SOLES,Miraflores,25/04/2010,12002.26
191-10218-50,C0218,NA,La Molina,22/08/2010,12533.73
191-10219-94,C0219,CTA CORRIENTE,Surco,18/03/2011,10108.68
191-10220-49,C0220,CTA CORRIENTE,San Isidro,06/11/2022,11203.41
191-10221-63,C0221,CTA AHORROS SOLES,Callao,12/10/2023,1221.58
191-10222-86,C0222,CTA AHORROS SOLES,Surco,16/01/2023,13249.57
191-10223-19,C0223,CTA AHORROS DOLARES,San Isidro,30/06/2013,3357.19
191-10224-59,C0224,NA,Cajamarca,15/12/2023,8472.1
191-10225-58,C0225,CTA AHORROS DOLARES,San Isidro,20/05/2021,12218.26
191-10226-31,C0226,CTA CORRIENTE,Cajamarca,10/05/2012,13000.15
191-10227-71,C0227,NA,Cajamarca,12/02/2016,1672.04
191-10228-47,C0228,CTA AHORROS SOLES,Miraflores,14/11/2019,13571.47
191-10229-23,C0229,CTA CORRIENTE,Callao,17/05/2023,1813.66
191-10230-52,C0230,CTA AHORROS DOLARES,La Molina,11/01/2023,13053.84
191-10231-84,C0231,CTA AHORROS SOLES,Surco,25/10/2010,504.92
191-10232-76,C0232,NA,Cajamarca,11/09/2017,11308.98
191-10233-98,C0233,NA,Surco,04/11/2021,3795.63
191-10234-73,C0234,CTA CORRIENTE,La Molina,14/09/2019,3391.3
191-10235-72,C0235,CTA AHORROS DOLARES,Cajamarca,03/10/2019,3083.63
191-10236-54,C0236,NA,Miraflores,03/03/2012,7200.36
191-10237-50,C0237,NA,La Molina,06/02/2016,14031.79
191-10238-82,C0238,CTA AHORROS SOLES,Surco,18/01/2016,13471.44
191-10239-19,C0239,CTA AHORROS SOLES,Callao,30/08/2022,11952.91
191-10240-43,C0240,CTA AHORROS DOLARES,Lince,09/08/2015,8157.37
191-10241-30,C0241,CTA AHORROS DOLARES,La Molina,18/03/2014,1076.29
191-10242-36,C0242,CTA AHORROS DOLARES,Miraflores,17/11/2014,5497.7
191-10243-31,C0243,CTA AHORROS DOLARES,Surco,29/04/2013,12821.04
191-10244-71,C0244,NA,La Molina,23/07/2010,2925.0
191-10245-52,C0245,CTA AHORROS SOLES,Cajamarca,21/11/2010,5666.37
191-10246-76,C0246,CTA AHORROS SOLES,Surco,15/09/2018,10803.75
191-10247-77,C0247,CTA CORRIENTE,Surco,26/10/2011,13385.27
191-10248-84,C0248,CTA AHORROS DOLARES,La Molina,02/10/2019,11521.61
191-10249-19,C0249,NA,La Molina,14/07/2024,1366.97
191-10250-97,C0250,CTA AHORROS DOLARES,Surco,31/03/2016,13827.63
191-10251-59,C0251,CTA AHORROS DOLARES,La Molina,30/10/2012,4859.77
191-10252-75,C0252,CTA AHORROS SOLES,Lince,25/08/2018,13699.34
191-10253-68,C0253,NA,Lince,11/10/2017,13911.33
191-10254-59,C0254,CTA CORRIENTE,Miraflores,28/06/2013,8644.2
191-10255-76,C0255,CTA CORRIENTE,San Isidro,05/03/2024,8390.27
191-10256-76,C0256,CTA CORRIENTE,Cajamarca,29/09/2011,7806.69
191-10257-45,C0257,CTA CORRIENTE,Surco,14/06/2010,3419.02
191-10258-68,C0258,CTA AHORROS DOLARES,Miraflores,19/09/2015,10082.92
191-10259-37,C0259,NA,La Molina,21/12/2023,5114.59
191-10260-28,C0260,NA,Lince,25/02/2017,13086.06
191-10261-10,C0261,CTA CORRIENTE,San Isidro,18/02/2020,10273.04
191-10262-90,C0262,CTA AHORROS SOLES,La Molina,07/06/2019,13481.25
191-10263-84,C0263,CTA AHORROS DOLARES,Cajamarca,19/09/2016,4437.57
191-10264-29,C0264,CTA AHORROS SOLES,Callao,30/11/2024,6611.06
191-10265-98,C0265,CTA AHORROS DOLARES,San Isidro,02/04/2021,1098.17
191-10266-10,C0266,CTA AHORROS DOLARES,Lince,17/09/2015,12497.5
191-10267-23,C0267,CTA AHORROS SOLES,Surco,13/06/2017,3170.94
191-10268-40,C0268,CTA AHORROS SOLES,San Isidro,10/07/2013,6324.68
191-10269-36,C0269,CTA AHORROS DOLARES,Miraflores,03/12/2024,11935.33
191-10270-17,C0270,CTA CORRIENTE,Lince,20/03/2018,13947.22
191-10271-63,C0271,NA,La Molina,17/04/2015,7885.6
191-10272-81,C0272,CTA AHORROS DOLARES,Surco,13/07/2024,6597.61
191-10273-29,C0273,NA,San Isidro,09/01/2017,14826.2
191-10274-44,C0274,CTA AHORROS SOLES,Callao,13/10/2016,14166.5
191-10275-82,C0275,CTA CORRIENTE,Callao,19/09/2018,14385.69
191-10276-83,C0276,CTA AHORROS SOLES,La Molina,14/05/2012,12971.93
191-10277-21,C0277,NA,La Molina,03/05/2019,6203.15
191-10278-39,C0278,NA,Miraflores,06/12/2024,693.6
191-10279-80,C0279,CTA CORRIENTE,Miraflores,29/12/2020,1074.66
191-10280-66,C0280,CTA AHORROS SOLES,Callao,29/09/2014,5653.06
191-10281-48,C0281,CTA AHORROS SOLES,Surco,10/06/2024,10236.3
191-10282-94,C0282,CTA CORRIENTE,Callao,18/07/2012,11217.96
191-10283-58,C0283,CTA AHORROS SOLES,Surco,06/09/2011,2950.28
191-10284-65,C0284,NA,Callao,02/05/2014,8395.68
191-10285-46,C0285,CTA AHORROS SOLES,San Isidro,25/03/2024,13989.6
191-10286-18,C0286,CTA AHORROS DOLARES,San Isidro,11/04/2014,3816.92
191-10287-82,C0287,CTA AHORROS DOLARES,San Isidro,13/03/2023,14451.11
191-10288-91,C0288,NA,Miraflores,21/12/2024,11605.34
191-10289-72,C0289,CTA AHORROS SOLES,Surco,17/06/2019,14655.88
191-10290-95,C0290,CTA AHORROS DOLARES,Surco,13/11/2015,11943.54
191-10291-62,C0291,CTA AHORROS SOLES,San Isidro,17/10/2021,10565.98
191-10292-58,C0292,CTA AHORROS SOLES,La Molina,21/08/2011,13873.59
191-10293-18,C0293,NA,Miraflores,31/12/2023,6170.64
191-10294-18,C0294,CTA AHORROS DOLARES,Cajamarca,11/11/2010,14881.71
191-10295-90,C0295,CTA AHORROS DOLARES,La Molina,13/04/2012,7265.84
191-10296-46,C0296,CTA AHORROS DOLARES,Callao,26/08/2014,13434.3
191-10297-32,C0297,CTA AHORROS DOLARES,Callao,30/07/2023,4640.83
191-10298-67,C0298,CTA CORRIENTE,Lince,03/12/2012,11769.26
191-10299-84,C0299,NA,San Isidro,11/09/2010,1881.77
191-10300-26,C0300,CTA AHORROS SOLES,La Molina,13/10/2024,4545.2
191-10301-21,C0301,NA,Lince,02/08/2010,2014.38
191-10302-19,C0302,CTA AHORROS SOLES,Miraflores,15/08/2019,13942.68
191-10303-94,C0303,CTA AHORROS SOLES,Lince,24/11/2018,5627.16
191-10304-72,C0304,NA,Lince,08/07/2011,10193.76
191-10305-17,C0305,NA,Callao,03/11/2013,8148.55
191-10306-70,C0306,CTA CORRIENTE,Surco,01/11/2018,11481.46
191-10307-94,C0307,NA,Miraflores,31/07/2010,1730.48
191-10308-58,C0308,CTA CORRIENTE,Cajamarca,18/06/2011,7771.14
191-10309-86,C0309,CTA AHORROS SOLES,Cajamarca,04/07/2017,12317.41
191-10310-39,C0310,CTA CORRIENTE,Lince,25/06/2018,13412.28
191-10311-44,C0311,CTA CORRIENTE,Lince,25/04/2017,1496.21
191-10312-79,C0312,CTA AHORROS SOLES,Cajamarca,20/03/2010,8741.34
191-10313-59,C0313,CTA CORRIENTE,Callao,21/12/2018,2419.49
191-10314-65,C0314,CTA AHORROS SOLES,Surco,06/05/2015,6956.19
191-10315-96,C0315,CTA AHORROS DOLARES,La Molina,26/04/2019,2077.04
191-10316-32,C0316,CTA AHORROS SOLES,La Molina,22/10/2016,6135.96
191-10317-27,C0317,CTA CORRIENTE,Lince,29/09/2021,9814.97
191-10318-94,C0318,CTA CORRIENTE,Lince,11/01/2011,14824.68
191-10319-51,C0319,CTA AHORROS DOLARES,Surco,25/04/2018,7645.95
191-10320-91,C0320,CTA AHORROS DOLARES,Surco,25/11/2012,5292.22
191-10321-19,C0321,CTA CORRIENTE,Cajamarca,20/11/2020,14430.6
191-10322-56,C0322,CTA CORRIENTE,Callao,10/12/2020,11582.9
191-10323-36,C0323,CTA AHORROS DOLARES,Callao,12/08/2016,2373.55
191-10324-63,C0324,CTA CORRIENTE,Surco,26/07/2015,6100.96
191-10325-50,C0325,CTA CORRIENTE,Cajamarca,02/11/2013,965.99
191-10326-35,C0326,CTA AHORROS DOLARES,Lince,25/02/2011,4170.69
191-10327-85,C0327,CTA AHORROS SOLES,La Molina,09/08/2017,12374.38
191-10328-58,C0328,NA,Surco,02/11/2023,1196.07
191-10329-84,C0329,CTA CORRIENTE,La Molina,10/11/2012,1820.76
191-10330-55,C0330,CTA AHORROS SOLES,La Molina,19/09/2012,4441.41
191-10331-10,C0331,NA,La Molina,20/02/2017,2889.64
191-10332-37,C0332,CTA AHORROS SOLES,San Isidro,13/09/2017,4065.15
191-10333-78,C0333,NA,La Molina,09/02/2011,4453.2
191-10334-10,C0334,NA,Cajamarca,03/01/2023,1953.46
191-10335-31,C0335,CTA AHORROS SOLES,La Molina,13/10/2023,7085.06
191-10336-25,C0336,CTA AHORROS SOLES,Miraflores,26/08/2017,3939.23
191-10337-84,C0337,NA,La Molina,10/08/2010,11074.98
191-10338-31,C0338,NA,Lince,26/04/2024,9586.46
191-10339-12,C0339,CTA CORRIENTE,San Isidro,07/08/2020,10407.23
191-10340-54,C0340,NA,Cajamarca,02/10/2012,9416.3
191-10341-23,C0341,CTA AHORROS DOLARES,Miraflores,15/02/2019,7006.18
191-10342-68,C0342,CTA AHORROS DOLARES,San Isidro,31/01/2021,5693.41
191-10343-22,C0343,CTA AHORROS SOLES,Miraflores,07/02/2013,10611.05
191-10344-39,C0344,CTA AHORROS SOLES,Miraflores,26/12/2019,11897.07
191-10345-67,C0345,CTA AHORROS SOLES,Cajamarca,16/07/2011,2351.79
191-10346-88,C0346,CTA AHORROS DOLARES,San Isidro,30/04/2011,4953.67
191-10347-97,C0347,CTA AHORROS SOLES,Cajamarca,04/07/2012,2493.31
191-10348-16,C0348,CTA AHORROS SOLES,Cajamarca,22/03/2010,13160.86
191-10349-57,C0349,CTA CORRIENTE,Lince,08/09/2024,11249.96
191-10350-93,C0350,NA,Miraflores,25/06/2022,1937.26
191-10351-14,C0351,CTA CORRIENTE,La Molina,02/12/2021,4663.86
191-10352-99,C0352,CTA AHORROS DOLARES,San Isidro,21/12/2012,9698.71
191-10353-62,C0353,CTA CORRIENTE,Callao,24/05/2017,13306.95
191-10354-92,C0354,NA,Surco,02/09/2021,10404.69
191-10355-78,C0355,CTA AHORROS DOLARES,Lince,09/08/2014,3250.65
191-10356-94,C0356,NA,La Molina,08/02/2012,10307.87
191-10357-24,C0357,CTA AHORROS DOLARES,Surco,04/06/2023,2895.81
191-10358-15,C0358,CTA CORRIENTE,Cajamarca,18/01/2012,10786.62
191-10359-34,C0359,CTA AHORROS DOLARES,Lince,20/11/2016,12856.75
191-10360-53,C0360,NA,Miraflores,12/07/2020,12124.79
191-10361-69,C0361,CTA AHORROS SOLES,La Molina,27/01/2015,4960.6
191-10362-17,C0362,CTA AHORROS SOLES,Callao,29/07/2019,3881.83
191-10363-12,C0363,CTA AHORROS DOLARES,Cajamarca,02/03/2014,770.34
191-10364-62,C0364,CTA AHORROS DOLARES,Lince,06/01/2011,8506.17
191-10365-26,C0365,NA,Surco,08/07/2014,4325.34
191-10366-13,C0366,NA,Callao,12/04/2010,7986.16
191-10367-95,C0367,CTA AHORROS DOLARES,Callao,08/06/2010,1933.62
191-10368-26,C0368,CTA AHORROS DOLARES,Miraflores,22/02/2011,5335.64
191-10369-40,C0369,NA,Callao,20/02/2012,12293.29
191-10370-66,C0370,CTA AHORROS DOLARES,Miraflores,07/01/2016,7044.06
191-10371-16,C0371,NA,Miraflores,23/04/2023,11338.37
191-10372-29,C0372,CTA CORRIENTE,Miraflores,01/09/2017,9713.25
191-10373-39,C0373,CTA AHORROS DOLARES,Callao,25/07/2017,12702.47
191-10374-97,C0374,NA,Lince,03/03/2012,3283.3
191-10375-65,C0375,NA,Cajamarca,27/12/2011,11947.49
191-10376-48,C0376,CTA AHORROS SOLES,La Molina,09/07/2014,10184.54
191-10377-68,C0377,CTA CORRIENTE,La Molina,09/04/2014,14030.56
191-10378-18,C0378,CTA AHORROS DOLARES,Miraflores,29/08/2016,6755.76
191-10379-96,C0379,CTA AHORROS SOLES,Callao,11/12/2010,7233.07
191-10380-50,C0380,CTA AHORROS DOLARES,San Isidro,24/08/2016,4854.93
191-10381-11,C0381,CTA AHORROS SOLES,Cajamarca,09/04/2024,6338.65
191-10382-48,C0382,CTA CORRIENTE,San Isidro,11/07/2017,8679.4
191-10383-63,C0383,CTA AHORROS SOLES,La Molina,01/06/2024,778.13
191-10384-42,C0384,CTA CORRIENTE,San Isidro,25/01/2013,9517.76
191-10385-99,C0385,CTA CORRIENTE,Cajamarca,02/10/2013,4650.82
191-10386-22,C0386,CTA CORRIENTE,Surco,28/05/2013,747.88
191-10387-73,C0387,CTA AHORROS DOLARES,San Isidro,11/12/2012,8807.52
191-10388-65,C0388,CTA CORRIENTE,La Molina,26/05/2016,10492.07
191-10389-18,C0389,CTA AHORROS DOLARES,Surco,08/04/2015,1751.06
191-10390-55,C0390,CTA AHORROS DOLARES,Lince,14/03/2024,3911.87
191-10391-57,C0391,CTA AHORROS SOLES,San Isidro,15/09/2017,5491.18
191-10392-46,C0392,CTA AHORROS DOLARES,Cajamarca,05/04/2013,592.92
191-10393-27,C0393,NA,Lince,28/02/2014,4892.22
191-10394-11,C0394,CTA AHORROS DOLARES,La Molina,06/08/2017,12930.77
191-10395-43,C0395,NA,La Molina,20/08/2019,7262.85
191-10396-44,C0396,CTA AHORROS SOLES,Lince,16/12/2010,10589.3
191-10397-22,C0397,CTA CORRIENTE,Lince,15/03/2010,5855.1
191-10398-48,C0398,CTA AHORROS SOLES,San Isidro,23/02/2023,13784.15
191-10399-98,C0399,NA,Miraflores,29/03/2017,8924.27
191-10400-10,C0400,CTA CORRIENTE,Surco,10/10/2015,3385.04
191-10401-47,C0401,CTA CORRIENTE,La Molina,27/12/2010,4865.96
191-10402-72,C0402,CTA AHORROS DOLARES,Lince,16/09/2016,13812.15
191-10403-69,C0403,CTA CORRIENTE,Lince,17/05/2016,12589.39
191-10404-58,C0404,NA,Lince,16/02/2021,2806.21
191-10405-12,C0405,CTA AHORROS SOLES,Cajamarca,04/10/2010,9291.51
191-10406-91,C0406,CTA AHORROS SOLES,La Molina,16/11/2015,9137.35
191-10407-67,C0407,CTA AHORROS SOLES,La Molina,16/08/2016,5885.22
191-10408-74,C0408,CTA CORRIENTE,Lince,18/10/2011,9997.27
191-10409-74,C0409,CTA AHORROS SOLES,San Isidro,27/12/2021,9861.77
191-10410-17,C0410,NA,San Isidro,17/04/2012,10690.9
191-10411-53,C0411,CTA AHORROS SOLES,Cajamarca,05/07/2012,3319.7
191-10412-61,C0412,CTA AHORROS SOLES,La Molina,28/02/2010,13295.19
191-10413-16,C0413,CTA AHORROS SOLES,Miraflores,08/05/2021,3759.69
191-10414-51,C0414,NA,Cajamarca,27/01/2012,12751.7
191-10415-38,C0415,NA,La Molina,20/11/2018,3775.34
191-10416-26,C0416,CTA AHORROS SOLES,Lince,30/01/2020,5200.34
191-10417-51,C0417,CTA AHORROS DOLARES,San Isidro,22/11/2010,2231.35
191-10418-93,C0418,CTA AHORROS DOLARES,Surco,21/12/2017,14565.25
191-10419-12,C0419,CTA AHORROS DOLARES,Cajamarca,14/02/2019,8891.23
191-10420-56,C0420,CTA AHORROS DOLARES,Cajamarca,03/05/2015,11836.51
191-10421-37,C0421,CTA CORRIENTE,Cajamarca,05/09/2022,1114.02
191-10422-94,C0422,CTA AHORROS SOLES,Cajamarca,12/01/2010,7001.68
191-10423-51,C0423,CTA AHORROS DOLARES,Miraflores,07/08/2014,14547.38
191-10424-14,C0424,NA,Cajamarca,28/03/2021,9972.3
191-10425-29,C0425,CTA AHORROS SOLES,San Isidro,23/09/2013,14610.42
191-10426-97,C0426,NA,Miraflores,10/06/2022,846.96
191-10427-88,C0427,CTA CORRIENTE,Surco,02/03/2021,7742.26
191-10428-48,C0428,NA,Callao,26/10/2010,13107.2
191-10429-91,C0429,CTA CORRIENTE,Lince,16/01/2013,682.85
191-10430-41,C0430,CTA AHORROS DOLARES,Miraflores,29/08/2024,14748.04
191-10431-44,C0431,CTA AHORROS DOLARES,Lince,16/03/2019,757.76
191-10432-90,C0432,CTA AHORROS SOLES,Surco,06/09/2013,2667.31
191-10433-24,C0433,CTA AHORROS SOLES,Surco,28/02/2020,6124.57
191-10434-50,C0434,CTA CORRIENTE,Miraflores,03/12/2022,14254.65
191-10435-62,C0435,CTA AHORROS DOLARES,San Isidro,20/01/2017,14301.9
191-10436-83,C0436,CTA AHORROS SOLES,San Isidro,23/03/2018,2281.27
191-10437-75,C0437,NA,Surco,17/08/2024,5777.24
191-10438-33,C0438,CTA CORRIENTE,Cajamarca,27/05/2014,13122.06
191-10439-38,C0439,CTA AHORROS SOLES,Miraflores,13/12/2016,7555.53
191-10440-47,C0440,CTA CORRIENTE,La Molina,02/02/2011,13297.82
191-10441-17,C0441,CTA AHORROS SOLES,Surco,10/11/2015,8907.05
191-10442-43,C0442,CTA CORRIENTE,Callao,19/04/2016,3553.06
191-10443-45,C0443,CTA AHORROS SOLES,Surco,25/10/2018,12477.56
191-10444-29,C0444,CTA AHORROS SOLES,La Molina,27/06/2011,6046.53
191-10445-47,C0445,CTA AHORROS DOLARES,Callao,15/07/2013,9226.39
191-10446-31,C0446,CTA CORRIENTE,Miraflores,27/01/2010,5085.18
191-10447-72,C0447,CTA AHORROS SOLES,Callao,08/05/2018,8991.91
191-10448-53,C0448,CTA AHORROS DOLARES,Miraflores,23/11/2020,8935.19
191-10449-72,C0449,NA,Callao,07/02/2012,11320.43
191-10450-73,C0450,NA,San Isidro,25/01/2016,4990.81
191-10451-88,C0451,CTA AHORROS DOLARES,La Molina,16/04/2022,10614.69
191-10452-94,C0452,NA,San Isidro,18/06/2021,14856.63
191-10453-96,C0453,CTA AHORROS SOLES,Miraflores,01/05/2024,9912.2
191-10454-14,C0454,CTA CORRIENTE,Lince,23/12/2017,672.69
191-10455-17,C0455,CTA AHORROS DOLARES,Callao,17/05/2016,7056.5
191-10456-15,C0456,NA,Lince,18/07/2012,1609.59
191-10457-50,C0457,NA,San Isidro,04/12/2021,10743.28
191-10458-62,C0458,CTA AHORROS DOLARES,San Isidro,15/11/2010,7915.03
191-10459-75,C0459,CTA AHORROS DOLARES,Miraflores,06/08/2016,9055.09
191-10460-25,C0460,CTA AHORROS SOLES,Cajamarca,10/06/2011,13057.79
191-10461-51,C0461,CTA AHORROS SOLES,La Molina,19/04/2010,1782.23
191-10462-11,C0462,CTA AHORROS DOLARES,Cajamarca,08/05/2021,8515.74
191-10463-18,C0463,CTA CORRIENTE,San Isidro,15/08/2014,3389.26
191-10464-95,C0464,NA,Cajamarca,14/11/2012,2787.68
191-10465-98,C0465,CTA AHORROS SOLES,Surco,04/05/2017,704.68
191-10466-50,C0466,CTA AHORROS SOLES,Callao,23/07/2017,3370.85
191-10467-67,C0467,NA,Surco,25/12/2010,10949.42
191-10468-60,C0468,CTA AHORROS SOLES,Surco,14/01/2024,10849.46
191-10469-23,C0469,NA,Surco,17/04/2017,13255.98
191-10470-47,C0470,CTA CORRIENTE,Callao,08/09/2013,4473.58
191-10471-26,C0471,CTA CORRIENTE,La Molina,02/01/2011,14070.94
191-10472-68,C0472,CTA AHORROS SOLES,San Isidro,09/02/2011,1437.87
191-10473-66,C0473,CTA AHORROS DOLARES,San Isidro,19/11/2016,3505.1
191-10474-31,C0474,CTA AHORROS SOLES,Lince,31/12/2011,7968.2
191-10475-86,C0475,CTA AHORROS SOLES,Cajamarca,25/08/2017,514.61
191-10476-90,C0476,CTA AHORROS DOLARES,Callao,14/03/2016,11917.14
191-10477-94,C0477,CTA CORRIENTE,Lince,20/09/2023,14744.04
191-10478-81,C0478,NA,Lince,06/04/2013,5579.61
191-10479-24,C0479,CTA AHORROS DOLARES,Cajamarca,09/07/2014,9515.3
191-10480-70,C0480,CTA AHORROS SOLES,La Molina,25/12/2014,5796.29
191-10481-20,C0481,NA,Surco,26/05/2022,6810.48
191-10482-11,C0482,CTA AHORROS SOLES,Callao,18/01/2021,3311.26
191-10483-30,C0483,CTA AHORROS SOLES,Callao,27/06/2013,6511.36
191-10484-47,C0484,CTA AHORROS SOLES,Lince,24/12/2023,4711.03
191-10485-80,C0485,CTA AHORROS SOLES,Surco,04/03/2011,13893.85
191-10486-34,C0486,CTA AHORROS SOLES,La Molina,07/11/2016,4533.62
191-10487-96,C0487,CTA AHORROS SOLES,Surco,21/11/2023,4903.65
191-10488-84,C0488,CTA AHORROS SOLES,Miraflores,13/09/2020,1492.31
191-10489-24,C0489,CTA CORRIENTE,Miraflores,27/09/2012,9917.11
191-10490-78,C0490,CTA AHORROS DOLARES,Cajamarca,28/01/2014,11572.72
191-10491-77,C0491,CTA AHORROS SOLES,Callao,12/08/2010,14957.66
191-10492-82,C0492,NA,Callao,03/12/2016,13632.54
191-10493-24,C0493,CTA AHORROS SOLES,Cajamarca,09/09/2023,13160.91
191-10494-93,C0494,CTA AHORROS DOLARES,Cajamarca,29/08/2013,5131.86
191-10495-53,C0495,CTA AHORROS SOLES,Surco,04/12/2012,6121.66
191-10496-92,C0496,NA,San Isidro,07/03/2010,6294.81
191-10497-28,C0497,CTA CORRIENTE,Surco,01/05/2019,8139.22
191-10498-91,C0498,NA,Callao,22/12/2020,5807.46
191-10499-17,C0499,CTA CORRIENTE,Miraflores,19/03/2010,2208.91
191-10500-57,C0500,CTA AHORROS SOLES,Callao,13/10/2010,9170.88
191-10501-24,C0501,CTA AHORROS SOLES,La Molina,05/12/2014,9285.57
191-10502-88,C0502,CTA AHORROS DOLARES,La Molina,17/07/2018,3678.11
191-10503-22,C0503,CTA AHORROS DOLARES,La Molina,09/07/2012,10855.41
191-10504-56,C0504,NA,Miraflores,12/01/2022,12450.87
191-10505-66,C0505,CTA AHORROS DOLARES,Callao,22/01/2021,2177.08
191-10506-58,C0506,CTA CORRIENTE,La Molina,24/02/2015,10765.27
191-10507-56,C0507,CTA AHORROS SOLES,Surco,25/07/2016,2502.96
191-10508-51,C0508,CTA CORRIENTE,Callao,20/02/2015,12655.37
191-10509-94,C0509,CTA AHORROS SOLES,Miraflores,03/03/2024,2935.83
191-10510-28,C0510,NA,La Molina,05/12/2017,3033.57
191-10511-64,C0511,CTA AHORROS DOLARES,Lince,21/05/2014,6388.04
191-10512-41,C0512,CTA AHORROS DOLARES,Surco,01/05/2019,2331.08
191-10513-47,C0513,CTA CORRIENTE,Lince,09/10/2024,9421.33
191-10514-11,C0514,CTA CORRIENTE,Surco,09/12/2023,5892.94
191-10515-12,C0515,CTA AHORROS DOLARES,Surco,06/06/2022,2183.67
191-10516-46,C0516,CTA CORRIENTE,La Molina,15/08/2017,3201.01
191-10517-57,C0517,NA,La Molina,25/11/2023,4455.25
191-10518-88,C0518,CTA CORRIENTE,San Isidro,15/04/2019,1612.82
191-10519-25,C0519,CTA AHORROS DOLARES,Surco,21/01/2020,10093.38
191-10520-51,C0520,CTA CORRIENTE,Miraflores,10/04/2012,6865.7
191-10521-73,C0521,CTA CORRIENTE,La Molina,31/10/2022,11448.1
191-10522-12,C0522,NA,Callao,20/04/2019,7673.11
191-10523-74,C0523,CTA CORRIENTE,Cajamarca,19/07/2017,9396.26
191-10524-11,C0524,CTA AHORROS DOLARES,Surco,01/11/2021,4024.42
191-10525-33,C0525,CTA AHORROS DOLARES,San Isidro,02/05/2023,11410.24
191-10526-44,C0526,CTA AHORROS DOLARES,Cajamarca,09/09/2019,3658.57
191-10527-62,C0527,NA,Cajamarca,02/02/2014,3028.78
191-10528-90,C0528,CTA AHORROS DOLARES,Cajamarca,08/04/2023,8497.66
191-10529-14,C0529,CTA AHORROS DOLARES,San Isidro,05/04/2019,9765.03
191-10530-24,C0530,CTA AHORROS DOLARES,Lince,13/05/2012,6157.44
191-10531-78,C0531,CTA CORRIENTE,Surco,30/10/2018,9858.01
191-10532-75,C0532,CTA CORRIENTE,Cajamarca,08/02/2019,12024.68
191-10533-20,C0533,CTA AHORROS DOLARES,Callao,15/09/2024,8858.12
191-10534-59,C0534,CTA AHORROS DOLARES,Lince,17/04/2010,8891.53
191-10535-29,C0535,CTA AHORROS SOLES,Miraflores,27/02/2014,11815.4
191-10536-81,C0536,CTA AHORROS SOLES,Callao,05/12/2016,3934.49
191-10537-10,C0537,CTA AHORROS DOLARES,Surco,07/12/2023,3501.89
191-10538-75,C0538,CTA CORRIENTE,Lince,10/12/2019,9117.53
191-10539-91,C0539,CTA AHORROS DOLARES,La Molina,10/09/2015,1931.34
191-10540-65,C0540,CTA CORRIENTE,Cajamarca,22/08/2023,3358.66
191-10541-59,C0541,CTA AHORROS SOLES,Callao,04/05/2016,12603.77
191-10542-76,C0542,CTA AHORROS DOLARES,Cajamarca,23/01/2022,8338.93
191-10543-53,C0543,CTA AHORROS SOLES,Lince,20/10/2012,8605.93
191-10544-65,C0544,CTA AHORROS DOLARES,Cajamarca,16/07/2010,12929.13
191-10545-66,C0545,CTA AHORROS SOLES,La Molina,03/09/2016,526.79
191-10546-38,C0546,CTA AHORROS SOLES,Cajamarca,26/09/2013,10816.27
191-10547-70,C0547,CTA AHORROS DOLARES,La Molina,09/06/2018,9105.59
191-10548-64,C0548,CTA AHORROS SOLES,Cajamarca,07/03/2011,13576.65
191-10549-48,C0549,CTA AHORROS DOLARES,Callao,07/06/2014,8570.29
191-10550-73,C0550,CTA CORRIENTE,Surco,23/08/2015,11418.45
191-10551-20,C0551,CTA AHORROS DOLARES,Miraflores,28/10/2013,858.31
191-10552-33,C0552,NA,Callao,09/07/2016,3107.2
191-10553-68,C0553,CTA AHORROS DOLARES,Lince,12/01/2014,10634.81
191-10554-72,C0554,CTA AHORROS DOLARES,La Molina,04/06/2012,13432.2
191-10555-81,C0555,NA,Lince,06/08/2011,6304.17
191-10556-98,C0556,CTA AHORROS DOLARES,Lince,23/08/2015,7381.58
191-10557-69,C0557,CTA AHORROS DOLARES,Cajamarca,22/07/2015,5236.68
191-10558-63,C0558,CTA AHORROS DOLARES,Callao,16/07/2022,3199.0
191-10559-90,C0559,CTA AHORROS DOLARES,Cajamarca,07/12/2011,8835.93
191-10560-23,C0560,CTA AHORROS DOLARES,San Isidro,11/07/2016,5985.27
191-10561-92,C0561,CTA AHORROS SOLES,Surco,16/10/2021,2414.92
191-10562-40,C0562,CTA CORRIENTE,Lince,01/02/2012,8615.46
191-10563-28,C0563,NA,Lince,09/01/2021,4192.58
191-10564-82,C0564,CTA CORRIENTE,La Molina,23/09/2012,10902.23
191-10565-83,C0565,CTA AHORROS DOLARES,Surco,08/05/2024,13967.98
191-10566-78,C0566,NA,San Isidro,16/04/2016,10250.35
191-10567-58,C0567,NA,San Isidro,14/02/2021,11495.0
191-10568-73,C0568,CTA CORRIENTE,Lince,13/07/2013,6514.38
191-10569-11,C0569,NA,Surco,21/02/2014,7142.91
191-10570-44,C0570,NA,Miraflores,04/06/2020,11215.49
191-10571-36,C0571,CTA CORRIENTE,San Isidro,03/10/2023,13841.37
191-10572-57,C0572,NA,Cajamarca,18/08/2014,5427.06
191-10573-23,C0573,CTA AHORROS DOLARES,La Molina,19/03/2018,2559.48
191-10574-87,C0574,CTA CORRIENTE,Cajamarca,05/05/2016,1135.49
191-10575-15,C0575,CTA CORRIENTE,San Isidro,15/04/2023,6804.76
191-10576-56,C0576,CTA AHORROS SOLES,Callao,19/05/2024,5757.55
191-10577-62,C0577,NA,San Isidro,17/04/2013,11036.03
191-10578-27,C0578,NA,San Isidro,13/08/2020,10793.57
191-10579-22,C0579,CTA AHORROS DOLARES,Surco,15/01/2022,7258.94
191-10580-60,C0580,CTA AHORROS SOLES,Miraflores,09/11/2020,887.03
191-10581-81,C0581,CTA AHORROS DOLARES,Surco,13/07/2018,6569.34
191-10582-94,C0582,CTA AHORROS DOLARES,Cajamarca,13/04/2018,7799.4
191-10583-85,C0583,CTA CORRIENTE,Callao,05/01/2011,4598.44
191-10584-73,C0584,CTA CORRIENTE,Surco,22/05/2019,4589.2
191-10585-73,C0585,CTA AHORROS DOLARES,Callao,13/04/2021,12930.28
191-10586-61,C0586,NA,Lince,24/04/2010,3382.41
191-10587-58,C0587,NA,Miraflores,20/04/2020,5690.96
191-10588-49,C0588,CTA AHORROS DOLARES,Surco,19/08/2010,14826.44
191-10589-69,C0589,CTA CORRIENTE,La Molina,28/02/2015,4142.95
191-10590-86,C0590,CTA CORRIENTE,Lince,05/12/2013,1264.53
191-10591-85,C0591,CTA AHORROS DOLARES,San Isidro,03/08/2010,8105.03
191-10592-70,C0592,NA,Cajamarca,28/01/2010,3387.93
191-10593-34,C0593,CTA AHORROS DOLARES,Surco,04/10/2013,8861.55
191-10594-42,C0594,CTA CORRIENTE,Surco,31/10/2023,9490.36
191-10595-88,C0595,CTA AHORROS SOLES,Cajamarca,22/02/2014,6425.93
191-10596-73,C0596,CTA CORRIENTE,Cajamarca,07/10/2015,2515.42
191-10597-69,C0597,CTA AHORROS DOLARES,San Isidro,15/03/2013,1527.2
191-10598-14,C0598,CTA AHORROS DOLARES,Surco,28/02/2014,9551.42
191-10599-59,C0599,CTA AHORROS DOLARES,La Molina,07/10/2018,9441.43
191-10600-84,C0600,NA,Surco,16/01/2019,2849.61
191-10601-57,C0601,CTA AHORROS SOLES,Callao,03/05/2017,12527.45
191-10602-63,C0602,CTA AHORROS SOLES,La Molina,06/12/2010,11015.34
191-10603-52,C0603,CTA AHORROS SOLES,Surco,29/08/2013,4096.27
191-10604-35,C0604,CTA AHORROS SOLES,Miraflores,10/01/2014,7373.05
191-10605-13,C0605,NA,La Molina,30/11/2014,2257.68
191-10606-42,C0606,CTA AHORROS DOLARES,Cajamarca,31/07/2016,2088.86
191-10607-24,C0607,CTA CORRIENTE,Lince,13/01/2011,3636.95
191-10608-12,C0608,CTA CORRIENTE,San Isidro,31/03/2012,580.01
191-10609-81,C0609,CTA AHORROS SOLES,Callao,30/12/2020,3777.37
191-10610-62,C0610,CTA CORRIENTE,Miraflores,02/09/2024,8626.05
191-10611-61,C0611,CTA CORRIENTE,Lince,22/03/2013,693.72
191-10612-64,C0612,CTA AHORROS SOLES,Miraflores,01/01/2018,2537.59
191-10613-58,C0613,CTA AHORROS DOLARES,La Molina,23/09/2021,7765.18
191-10614-86,C0614,CTA CORRIENTE,Callao,06/02/2017,1523.9
191-10615-43,C0615,CTA AHORROS DOLARES,Cajamarca,07/09/2015,14680.57
191-10616-41,C0616,CTA AHORROS SOLES,Cajamarca,22/03/2014,2446.05
191-10617-32,C0617,NA,Miraflores,03/10/2011,10423.43
191-10618-80,C0618,CTA CORRIENTE,Cajamarca,09/01/2018,4763.42
191-10619-28,C0619,NA,Miraflores,05/09/2013,2479.27
191-10620-95,C0620,CTA CORRIENTE,Miraflores,28/12/2023,10860.28
191-10621-60,C0621,CTA CORRIENTE,Lince,26/12/2016,1911.9
191-10622-52,C0622,CTA AHORROS SOLES,Callao,26/10/2019,5704.92
191-10623-43,C0623,CTA AHORROS SOLES,Miraflores,16/02/2017,13994.56
191-10624-74,C0624,CTA AHORROS SOLES,Cajamarca,05/04/2015,1920.6
191-10625-22,C0625,CTA AHORROS SOLES,Miraflores,12/09/2023,8563.74
191-10626-70,C0626,NA,San Isidro,23/10/2011,5805.41
191-10627-93,C0627,CTA CORRIENTE,Miraflores,02/07/2024,2680.89
191-10628-67,C0628,CTA CORRIENTE,Surco,23/06/2010,9704.42
191-10629-79,C0629,CTA AHORROS DOLARES,Miraflores,01/10/2010,14990.82
191-10630-81,C0630,CTA CORRIENTE,La Molina,15/10/2010,4200.03
191-10631-56,C0631,CTA CORRIENTE,Cajamarca,25/07/2013,8780.54
191-10632-28,C0632,CTA AHORROS SOLES,Miraflores,19/07/2010,13411.42
191-10633-65,C0633,CTA AHORROS SOLES,Surco,09/11/2018,11080.38
191-10634-13,C0634,NA,Surco,07/02/2020,1097.69
191-10635-16,C0635,CTA AHORROS DOLARES,Surco,14/04/2013,12181.17
191-10636-24,C0636,NA,San Isidro,12/05/2011,8873.37
191-10637-63,C0637,CTA AHORROS DOLARES,Callao,26/04/2016,11742.38
191-10638-91,C0638,CTA AHORROS SOLES,La Molina,21/06/2022,12934.42
191-10639-26,C0639,CTA CORRIENTE,Miraflores,24/01/2024,2952.78
191-10640-27,C0640,NA,Cajamarca,27/08/2022,3251.54
191-10641-25,C0641,NA,Surco,01/04/2024,5696.96
191-10642-50,C0642,CTA AHORROS SOLES,Lince,02/10/2023,974.69
191-10643-38,C0643,CTA AHORROS SOLES,La Molina,26/06/2014,12535.43
191-10644-24,C0644,CTA AHORROS DOLARES,La Molina,17/12/2015,9697.01
191-10645-70,C0645,CTA AHORROS DOLARES,Callao,13/12/2010,9428.15
191-10646-66,C0646,CTA AHORROS DOLARES,San Isidro,14/01/2015,2223.14
191-10647-70,C0647,CTA AHORROS DOLARES,Surco,29/11/2012,3186.38
191-10648-27,C0648,CTA AHORROS DOLARES,La Molina,29/06/2011,13004.39
191-10649-94,C0649,NA,La Molina,25/02/2015,14723.86
191-10650-32,C0650,CTA CORRIENTE,Cajamarca,30/05/2014,8119.41
191-10651-21,C0651,CTA AHORROS SOLES,Cajamarca,10/04/2013,8864.94
191-10652-45,C0652,CTA AHORROS DOLARES,San Isidro,08/09/2024,9928.98
191-10653-76,C0653,CTA AHORROS DOLARES,Surco,26/10/2023,7076.07
191-10654-64,C0654,CTA AHORROS DOLARES,San Isidro,03/11/2013,4057.96
191-10655-32,C0655,CTA AHORROS DOLARES,Cajamarca,01/01/2010,6172.35
191-10656-76,C0656,CTA CORRIENTE,Lince,30/10/2020,6904.45
191-10657-37,C0657,CTA CORRIENTE,La Molina,02/08/2022,1499.8
191-10658-37,C0658,CTA AHORROS SOLES,San Isidro,25/01/2019,7401.51
191-10659-19,C0659,NA,Callao,15/05/2012,14243.71
191-10660-41,C0660,CTA CORRIENTE,La Molina,10/09/2017,2327.89
191-10661-97,C0661,CTA CORRIENTE,Surco,15/11/2016,12975.75
191-10662-73,C0662,CTA AHORROS SOLES,La Molina,29/01/2015,4985.76
191-10663-18,C0663,NA,La Molina,20/05/2020,9292.06
191-10664-68,C0664,CTA AHORROS SOLES,Cajamarca,18/09/2011,4321.71
191-10665-61,C0665,CTA AHORROS SOLES,San Isidro,27/07/2012,5159.29
191-10666-32,C0666,NA,San Isidro,20/01/2019,9114.59
191-10667-42,C0667,CTA AHORROS SOLES,San Isidro,22/01/2022,9573.12
191-10668-36,C0668,NA,Miraflores,02/10/2024,1533.84
191-10669-95,C0669,CTA AHORROS DOLARES,Callao,07/07/2022,4539.34
191-10670-17,C0670,CTA CORRIENTE,Lince,03/06/2019,2566.79
191-10671-53,C0671,CTA CORRIENTE,San Isidro,18/09/2012,9495.32
191-10672-32,C0672,NA,Lince,28/06/2011,7027.38
191-10673-91,C0673,NA,San Isidro,10/10/2019,8766.2
191-10674-41,C0674,CTA AHORROS SOLES,La Molina,26/06/2015,1284.92
191-10675-45,C0675,NA,Cajamarca,20/12/2013,4914.83
191-10676-87,C0676,CTA AHORROS SOLES,Lince,17/09/2023,3790.75
191-10677-65,C0677,CTA AHORROS DOLARES,San Isidro,02/02/2021,8414.69
191-10678-81,C0678,CTA AHORROS SOLES,Callao,18/08/2024,5933.78
191-10679-66,C0679,CTA AHORROS SOLES,Surco,07/05/2022,9709.1
191-10680-63,C0680,CTA AHORROS DOLARES,Miraflores,25/09/2020,3511.97
191-10681-55,C0681,CTA AHORROS SOLES,San Isidro,27/05/2011,11543.23
191-10682-91,C0682,CTA CORRIENTE,San Isidro,25/12/2019,1049.34
191-10683-21,C0683,CTA AHORROS DOLARES,Cajamarca,23/08/2020,1649.35
191-10684-89,C0684,CTA AHORROS DOLARES,San Isidro,14/06/2012,12353.54
191-10685-96,C0685,NA,La Molina,16/07/2016,11667.24
191-10686-44,C0686,CTA CORRIENTE,Surco,18/01/2024,13963.01
191-10687-92,C0687,CTA CORRIENTE,Miraflores,13/09/2022,7072.99
191-10688-27,C0688,CTA AHORROS SOLES,Callao,12/11/2013,9831.93
191-10689-17,C0689,CTA AHORROS SOLES,Cajamarca,06/07/2018,3354.63
191-10690-18,C0690,CTA AHORROS DOLARES,Lince,22/09/2024,7481.92
191-10691-95,C0691,CTA CORRIENTE,San Isidro,03/03/2019,7369.97
191-10692-38,C0692,CTA AHORROS DOLARES,Miraflores,29/08/2019,11818.34
191-10693-38,C0693,CTA AHORROS SOLES,San Isidro,22/06/2021,1293.07
191-10694-80,C0694,CTA AHORROS SOLES,Surco,13/03/2011,2416.58
191-10695-27,C0695,CTA AHORROS DOLARES,Callao,20/10/2018,4500.04
191-10696-78,C0696,CTA AHORROS SOLES,San Isidro,19/07/2018,8127.44
191-10697-39,C0697,CTA CORRIENTE,Miraflores,15/08/2018,3363.13
191-10698-57,C0698,CTA AHORROS SOLES,San Isidro,29/07/2024,4942.97
191-10699-70,C0699,CTA CORRIENTE,La Molina,23/12/2010,1784.3
191-10700-81,C0700,CTA AHORROS DOLARES,San Isidro,04/01/2017,1153.53
191-10701-44,C0701,NA,San Isidro,19/06/2015,607.99
191-10702-72,C0702,CTA CORRIENTE,Surco,22/01/2015,7577.93
191-10703-39,C0703,NA,Cajamarca,20/07/2013,1537.1
191-10704-81,C0704,NA,La Molina,01/08/2021,8279.65
191-10705-55,C0705,CTA CORRIENTE,La Molina,17/05/2012,14946.68
191-10706-77,C0706,CTA AHORROS SOLES,Miraflores,23/12/2011,10138.14
191-10707-38,C0707,CTA CORRIENTE,Surco,26/05/2012,10860.88
191-10708-14,C0708,CTA CORRIENTE,Miraflores,13/08/2019,13780.09
191-10709-64,C0709,CTA CORRIENTE,Callao,24/06/2014,799.51
191-10710-59,C0710,CTA AHORROS DOLARES,Lince,02/04/2011,8500.15
191-10711-48,C0711,CTA CORRIENTE,Cajamarca,13/06/2018,11903.2
191-10712-90,C0712,CTA AHORROS SOLES,Callao,25/10/2016,3641.48
191-10713-70,C0713,CTA CORRIENTE,Callao,17/08/2017,6809.18
191-10714-65,C0714,CTA AHORROS DOLARES,Cajamarca,18/07/2015,6718.38
191-10715-91,C0715,CTA CORRIENTE,Callao,30/09/2021,6307.1
191-10716-24,C0716,NA,Callao,22/04/2017,2645.58
191-10717-22,C0717,NA,Surco,18/12/2017,7550.04
191-10718-18,C0718,CTA CORRIENTE,San Isidro,13/05/2015,6099.59
191-10719-68,C0719,CTA CORRIENTE,La Molina,04/08/2017,12150.95
191-10720-49,C0720,NA,Lince,26/05/2016,6854.48
191-10721-61,C0721,CTA CORRIENTE,Cajamarca,01/11/2013,12517.41
191-10722-60,C0722,CTA AHORROS DOLARES,Surco,25/09/2016,7661.35
191-10723-39,C0723,CTA CORRIENTE,Surco,01/03/2012,14763.48
191-10724-25,C0724,CTA AHORROS DOLARES,Lince,28/01/2023,8437.42
191-10725-87,C0725,CTA AHORROS DOLARES,Surco,02/10/2020,12652.27
191-10726-93,C0726,NA,Miraflores,07/11/2023,13261.44
191-10727-80,C0727,CTA AHORROS SOLES,Surco,04/12/2016,7101.1
191-10728-90,C0728,CTA AHORROS SOLES,Surco,01/05/2023,7823.83
191-10729-84,C0729,CTA AHORROS DOLARES,Callao,24/03/2017,1381.39
191-10730-80,C0730,CTA CORRIENTE,Miraflores,04/09/2010,2488.83
191-10731-47,C0731,CTA AHORROS SOLES,Lince,04/07/2016,13909.58
191-10732-72,C0732,NA,Lince,05/06/2021,13396.83
191-10733-59,C0733,CTA AHORROS DOLARES,Lince,12/03/2014,9499.5
191-10734-86,C0734,NA,Lince,04/08/2019,5594.07
191-10735-63,C0735,CTA CORRIENTE,Cajamarca,27/03/2013,4268.68
191-10736-36,C0736,CTA AHORROS DOLARES,La Molina,31/05/2021,7142.2
191-10737-42,C0737,CTA CORRIENTE,Cajamarca,22/07/2014,1588.76
191-10738-75,C0738,CTA AHORROS SOLES,Callao,27/11/2019,6226.64
191-10739-66,C0739,CTA CORRIENTE,Miraflores,12/04/2019,2386.37
191-10740-62,C0740,CTA AHORROS SOLES,Lince,03/11/2012,7979.85
191-10741-96,C0741,NA,Surco,23/05/2023,9975.82
191-10742-74,C0742,NA,Callao,22/12/2018,5413.31
191-10743-95,C0743,CTA CORRIENTE,Callao,05/06/2013,6005.46
191-10744-79,C0744,CTA CORRIENTE,Miraflores,02/02/2014,3589.34
191-10745-65,C0745,CTA AHORROS SOLES,San Isidro,09/11/2016,5293.51
191-10746-51,C0746,CTA AHORROS SOLES,Cajamarca,25/11/2016,9310.87
191-10747-91,C0747,CTA AHORROS SOLES,La Molina,15/01/2022,11411.92
191-10748-69,C0748,CTA AHORROS DOLARES,Cajamarca,10/08/2020,3437.22
191-10749-30,C0749,NA,Miraflores,22/07/2010,13107.96
191-10750-72,C0750,CTA AHORROS DOLARES,La Molina,11/02/2014,5984.84
191-10751-55,C0751,CTA CORRIENTE,Lince,15/05/2014,7510.41
191-10752-24,C0752,CTA CORRIENTE,Miraflores,07/02/2024,8403.63
191-10753-26,C0753,CTA AHORROS SOLES,La Molina,15/07/2022,10141.66
191-10754-98,C0754,CTA AHORROS SOLES,Lince,04/08/2024,2790.25
191-10755-90,C0755,NA,Callao,12/08/2010,8044.24
191-10756-83,C0756,NA,La Molina,14/01/2010,11682.93
191-10757-49,C0757,CTA AHORROS DOLARES,Lince,02/12/2014,7896.5
191-10758-87,C0758,CTA CORRIENTE,Miraflores,04/01/2011,13667.75
191-10759-89,C0759,CTA CORRIENTE,Lince,18/05/2011,5254.49
191-10760-21,C0760,CTA AHORROS SOLES,Callao,16/01/2021,6800.77
191-10761-41,C0761,NA,Surco,07/09/2015,14614.86
191-10762-82,C0762,CTA CORRIENTE,Callao,08/02/2016,2430.15
191-10763-50,C0763,CTA AHORROS DOLARES,San Isidro,17/09/2022,911.62
191-10764-39,C0764,CTA AHORROS SOLES,Callao,27/12/2013,2019.87
191-10765-84,C0765,CTA AHORROS DOLARES,La Molina,10/05/2010,1835.47
191-10766-70,C0766,CTA AHORROS SOLES,Lince,16/08/2020,13464.68
191-10767-55,C0767,NA,Cajamarca,01/10/2015,13008.75
191-10768-91,C0768,NA,San Isidro,03/11/2014,10350.87
191-10769-49,C0769,CTA AHORROS SOLES,Lince,25/05/2012,13667.97
191-10770-54,C0770,NA,La Molina,17/02/2021,13284.61
191-10771-79,C0771,CTA CORRIENTE,La Molina,21/12/2016,13412.62
191-10772-28,C0772,CTA AHORROS SOLES,Surco,02/03/2024,1125.57
191-10773-97,C0773,CTA AHORROS SOLES,Callao,05/07/2013,5548.15
191-10774-36,C0774,CTA CORRIENTE,San Isidro,05/07/2014,1623.26
191-10775-84,C0775,NA,Miraflores,28/02/2014,14900.65
191-10776-92,C0776,CTA AHORROS DOLARES,La Molina,18/11/2023,1116.46
191-10777-24,C0777,CTA AHORROS SOLES,Callao,22/05/2017,12807.0
191-10778-50,C0778,CTA AHORROS SOLES,Cajamarca,25/09/2019,4875.64
191-10779-15,C0779,CTA CORRIENTE,La Molina,29/06/2016,756.19
191-10780-35,C0780,CTA CORRIENTE,San Isidro,08/01/2021,12168.38
191-10781-82,C0781,CTA AHORROS SOLES,San Isidro,17/03/2013,1297.04
191-10782-42,C0782,CTA CORRIENTE,La Molina,21/06/2012,14510.71
191-10783-63,C0783,NA,Miraflores,16/10/2017,9866.68
191-10784-44,C0784,CTA AHORROS DOLARES,Lince,27/09/2010,10657.06
191-10785-36,C0785,CTA AHORROS SOLES,Miraflores,26/07/2014,7807.06
191-10786-51,C0786,CTA CORRIENTE,Callao,18/02/2024,4711.79
191-10787-42,C0787,NA,Surco,18/07/2011,11699.52
191-10788-31,C0788,CTA AHORROS SOLES,La Molina,12/12/2016,11370.51
191-10789-22,C0789,CTA AHORROS SOLES,Callao,23/08/2017,647.96
191-10790-27,C0790,CTA AHORROS DOLARES,La Molina,19/01/2010,2681.13
191-10791-86,C0791,NA,La Molina,09/06/2014,14632.91
191-10792-47,C0792,CTA AHORROS DOLARES,La Molina,11/02/2023,10506.71
191-10793-11,C0793,CTA CORRIENTE,Callao,17/11/2012,14503.82
191-10794-87,C0794,CTA AHORROS DOLARES,Miraflores,25/09/2014,6779.87
191-10795-26,C0795,CTA AHORROS DOLARES,Miraflores,16/05/2013,10860.78
191-10796-89,C0796,CTA AHORROS DOLARES,Lince,28/10/2016,4856.84
191-10797-60,C0797,CTA AHORROS SOLES,Cajamarca,12/12/2015,4674.07
191-10798-13,C0798,CTA CORRIENTE,San Isidro,23/09/2015,3687.49
191-10799-88,C0799,NA,La Molina,02/06/2012,13430.54
191-10800-21,C0800,CTA CORRIENTE,Callao,18/11/2014,4687.77
191-10801-41,C0801,CTA AHORROS SOLES,Cajamarca,25/06/2018,11563.51
191-10802-24,C0802,CTA CORRIENTE,Miraflores,13/12/2017,10859.93
191-10803-36,C0803,CTA AHORROS DOLARES,San Isidro,26/05/2019,11776.3
191-10804-78,C0804,CTA AHORROS SOLES,Miraflores,06/07/2010,5813.95
191-10805-55,C0805,CTA AHORROS SOLES,Lince,10/04/2015,11128.36
191-10806-54,C0806,CTA AHORROS SOLES,Callao,09/06/2016,998.94
191-10807-42,C0807,CTA AHORROS DOLARES,La Molina,28/11/2012,10736.25
191-10808-49,C0808,NA,Cajamarca,29/05/2014,8247.34
191-10809-22,C0809,CTA CORRIENTE,Lince,13/07/2018,2050.76
191-10810-83,C0810,NA,Callao,06/11/2023,3900.31
191-10811-98,C0811,CTA CORRIENTE,Miraflores,23/09/2017,6517.48
191-10812-75,C0812,CTA AHORROS DOLARES,Lince,03/02/2013,8934.21
191-10813-77,C0813,CTA CORRIENTE,Surco,29/01/2015,5870.41
191-10814-81,C0814,NA,Lince,01/02/2012,11882.45
191-10815-51,C0815,CTA CORRIENTE,Surco,16/07/2011,1570.37
191-10816-28,C0816,CTA CORRIENTE,La Molina,22/07/2012,9606.02
191-10817-83,C0817,CTA AHORROS DOLARES,Lince,05/06/2016,6840.11
191-10818-77,C0818,CTA CORRIENTE,Lince,12/08/2013,5776.9
191-10819-37,C0819,CTA CORRIENTE,La Molina,28/05/2020,4656.36
191-10820-35,C0820,NA,Callao,15/04/2020,5256.63
191-10821-70,C0821,CTA CORRIENTE,Miraflores,18/05/2010,7428.65
191-10822-13,C0822,CTA CORRIENTE,Miraflores,01/01/2017,11522.65
191-10823-16,C0823,CTA AHORROS DOLARES,La Molina,03/03/2023,3060.26
191-10824-76,C0824,NA,Lince,07/07/2024,14510.21
191-10825-85,C0825,NA,Cajamarca,23/04/2011,11668.95
191-10826-37,C0826,CTA AHORROS DOLARES,La Molina,24/02/2017,12330.72
191-10827-38,C0827,CTA AHORROS DOLARES,Callao,24/04/2022,4751.84
191-10828-35,C0828,CTA CORRIENTE,Lince,28/07/2019,3246.89
191-10829-95,C0829,CTA AHORROS SOLES,Cajamarca,14/11/2015,3732.57
191-10830-95,C0830,NA,Lince,12/02/2021,1393.8
191-10831-57,C0831,CTA CORRIENTE,La Molina,22/12/2023,13031.16
191-10832-10,C0832,CTA CORRIENTE,Cajamarca,28/11/2013,3719.25
191-10833-11,C0833,CTA CORRIENTE,Lince,17/06/2021,5220.14
191-10834-16,C0834,CTA CORRIENTE,Surco,26/09/2022,12497.16
191-10835-96,C0835,CTA AHORROS SOLES,Lince,04/07/2024,5142.51
191-10836-30,C0836,NA,San Isidro,07/01/2014,2696.09
191-10837-83,C0837,CTA AHORROS SOLES,San Isidro,03/05/2014,10330.08
191-10838-29,C0838,CTA CORRIENTE,Miraflores,23/06/2021,1460.05
191-10839-44,C0839,CTA AHORROS SOLES,La Molina,04/02/2021,5631.08
191-10840-79,C0840,NA,Miraflores,24/07/2022,6973.62
191-10841-50,C0841,CTA CORRIENTE,Miraflores,10/07/2019,1105.51
191-10842-90,C0842,CTA AHORROS DOLARES,La Molina,10/01/2011,5306.4
191-10843-86,C0843,CTA CORRIENTE,Miraflores,15/08/2012,11120.97
191-10844-90,C0844,CTA AHORROS SOLES,Lince,04/09/2024,3411.72
191-10845-77,C0845,CTA AHORROS DOLARES,Callao,04/11/2013,2029.95
191-10846-50,C0846,CTA CORRIENTE,Callao,02/06/2022,6352.51
191-10847-99,C0847,NA,Cajamarca,14/07/2024,7730.63
191-10848-96,C0848,CTA AHORROS SOLES,Surco,10/12/2016,2575.97
191-10849-74,C0849,CTA CORRIENTE,La Molina,13/10/2011,9394.36
191-10850-13,C0850,CTA AHORROS SOLES,Cajamarca,22/02/2015,12372.08
191-10851-51,C0851,CTA CORRIENTE,San Isidro,09/09/2024,12921.02
191-10852-35,C0852,CTA AHORROS SOLES,Lince,14/02/2016,2702.46
191-10853-67,C0853,CTA AHORROS DOLARES,Callao,22/11/2013,13462.74
191-10854-27,C0854,CTA CORRIENTE,San Isidro,28/05/2015,3439.07
191-10855-12,C0855,NA,Cajamarca,13/08/2010,10953.27
191-10856-83,C0856,CTA CORRIENTE,San Isidro,08/03/2014,11823.66
191-10857-72,C0857,NA,Miraflores,15/05/2021,11894.34
191-10858-24,C0858,CTA AHORROS DOLARES,Callao,13/12/2012,2166.54
191-10859-51,C0859,NA,Miraflores,05/04/2023,4451.22
191-10860-45,C0860,CTA AHORROS SOLES,Surco,25/11/2022,13715.96
191-10861-87,C0861,CTA CORRIENTE,Lince,06/01/2020,3637.11
191-10862-10,C0862,CTA AHORROS DOLARES,Surco,29/08/2014,6903.44
191-10863-34,C0863,CTA AHORROS SOLES,Surco,12/11/2012,11933.31
191-10864-48,C0864,NA,Miraflores,10/05/2018,2706.31
191-10865-51,C0865,CTA AHORROS SOLES,Miraflores,09/06/2020,4676.03
191-10866-87,C0866,CTA CORRIENTE,La Molina,21/04/2015,5792.56
191-10867-66,C0867,CTA AHORROS DOLARES,Cajamarca,17/04/2020,8425.32
191-10868-96,C0868,CTA AHORROS DOLARES,Miraflores,03/10/2011,4062.22
191-10869-78,C0869,CTA AHORROS DOLARES,Surco,27/12/2020,1679.54
191-10870-84,C0870,CTA AHORROS SOLES,Cajamarca,03/11/2020,4461.94
191-10871-15,C0871,CTA CORRIENTE,Miraflores,07/04/2022,7794.78
191-10872-33,C0872,CTA AHORROS SOLES,Miraflores,08/04/2013,14631.48
191-10873-97,C0873,CTA AHORROS SOLES,Callao,30/01/2012,12599.47
191-10874-84,C0874,CTA AHORROS SOLES,Surco,29/07/2013,1786.89
191-10875-43,C0875,CTA CORRIENTE,Miraflores,11/03/2017,14380.53
191-10876-17,C0876,CTA AHORROS SOLES,Callao,03/10/2024,14008.0
191-10877-86,C0877,CTA AHORROS SOLES,La Molina,17/01/2013,2305.58
191-10878-81,C0878,CTA AHORROS SOLES,San Isidro,13/04/2015,5668.73
191-10879-73,C0879,CTA CORRIENTE,La Molina,12/12/2024,1672.49
191-10880-31,C0880,NA,Lince,29/08/2023,11530.13
191-10881-52,C0881,CTA AHORROS DOLARES,Miraflores,21/06/2013,4144.43
191-10882-44,C0882,NA,Cajamarca,28/08/2017,4814.37
191-10883-22,C0883,CTA AHORROS SOLES,San Isidro,16/11/2017,4705.09
191-10884-50,C0884,CTA AHORROS DOLARES,Callao,01/11/2022,9317.48
191-10885-97,C0885,NA,Cajamarca,18/12/2014,8912.45
191-10886-46,C0886,CTA CORRIENTE,Cajamarca,27/11/2020,12570.41
191-10887-75,C0887,CTA CORRIENTE,San Isidro,02/04/2016,14587.44
191-10888-20,C0888,CTA CORRIENTE,San Isidro,07/01/2022,5648.53
191-10889-20,C0889,CTA AHORROS DOLARES,Cajamarca,25/09/2019,7537.41
191-10890-96,C0890,CTA CORRIENTE,La Molina,27/01/2017,8662.39
191-10891-16,C0891,CTA AHORROS SOLES,Callao,08/09/2014,7078.47
191-10892-28,C0892,CTA AHORROS SOLES,Lince,09/09/2014,2449.82
191-10893-64,C0893,CTA CORRIENTE,San Isidro,05/08/2011,2412.13
191-10894-99,C0894,CTA AHORROS SOLES,San Isidro,19/09/2016,2216.77
191-10895-18,C0895,CTA AHORROS SOLES,San Isidro,29/01/2017,9795.86
191-10896-59,C0896,CTA AHORROS SOLES,Miraflores,05/05/2019,2091.12
191-10897-30,C0897,CTA AHORROS SOLES,Lince,29/06/2022,14141.79
191-10898-78,C0898,NA,San Isidro,31/08/2017,795.07
191-10899-39,C0899,CTA CORRIENTE,Surco,18/12/2024,5264.65
191-10900-15,C0900,CTA AHORROS DOLARES,San Isidro,11/10/2015,14297.52
191-10901-31,C0901,CTA AHORROS DOLARES,La Molina,14/12/2019,4913.14
191-10902-29,C0902,CTA AHORROS DOLARES,Surco,11/10/2024,8497.54
191-10903-33,C0903,CTA AHORROS DOLARES,Miraflores,16/05/2021,13606.61
191-10904-72,C0904,CTA CORRIENTE,Miraflores,04/03/2018,4773.0
191-10905-37,C0905,CTA AHORROS DOLARES,Callao,27/12/2014,5627.62
191-10906-62,C0906,CTA AHORROS DOLARES,Callao,27/09/2023,11471.09
191-10907-22,C0907,CTA CORRIENTE,Miraflores,29/06/2011,2059.53
191-10908-41,C0908,CTA AHORROS SOLES,La Molina,07/01/2014,12745.53
191-10909-39,C0909,CTA CORRIENTE,Lince,08/05/2023,12974.82
191-10910-57,C0910,CTA CORRIENTE,Surco,29/09/2019,4411.1
191-10911-17,C0911,NA,Surco,18/01/2021,7259.33
191-10912-63,C0912,CTA AHORROS SOLES,Cajamarca,13/03/2019,9035.83
191-10913-15,C0913,CTA CORRIENTE,La Molina,05/04/2016,8380.41
191-10914-36,C0914,CTA AHORROS SOLES,Miraflores,01/04/2014,1490.86
191-10915-39,C0915,NA,Callao,09/02/2010,5028.49
191-10916-69,C0916,CTA AHORROS SOLES,Cajamarca,05/07/2022,12476.08
191-10917-66,C0917,CTA AHORROS DOLARES,Callao,12/11/2013,671.28
191-10918-66,C0918,CTA AHORROS DOLARES,Callao,16/05/2017,12322.94
191-10919-58,C0919,CTA AHORROS SOLES,La Molina,10/08/2020,3552.1
191-10920-55,C0920,CTA AHORROS SOLES,Callao,15/07/2023,7004.8
191-10921-33,C0921,CTA AHORROS SOLES,San Isidro,21/01/2014,6226.43
191-10922-71,C0922,CTA CORRIENTE,Miraflores,02/05/2012,1221.92
191-10923-37,C0923,CTA AHORROS DOLARES,San Isidro,23/08/2019,12052.59
191-10924-25,C0924,NA,Cajamarca,23/08/2013,3887.3
191-10925-38,C0925,CTA CORRIENTE,San Isidro,24/03/2015,5284.23
191-10926-79,C0926,CTA CORRIENTE,San Isidro,01/11/2015,6049.12
191-10927-58,C0927,CTA CORRIENTE,Callao,04/02/2010,10972.16
191-10928-12,C0928,CTA CORRIENTE,Callao,13/05/2023,13881.42
191-10929-99,C0929,CTA AHORROS DOLARES,Miraflores,22/09/2020,6632.37
191-10930-57,C0930,CTA AHORROS SOLES,Lince,13/09/2012,3214.28
191-10931-11,C0931,CTA AHORROS DOLARES,Miraflores,24/07/2017,7819.44
191-10932-70,C0932,CTA AHORROS DOLARES,La Molina,21/12/2015,10942.83
191-10933-73,C0933,CTA AHORROS SOLES,La Molina,28/06/2015,2861.87
191-10934-29,C0934,CTA AHORROS DOLARES,Callao,06/04/2022,2667.97
191-10935-27,C0935,CTA AHORROS DOLARES,Miraflores,08/02/2015,8972.77
191-10936-74,C0936,CTA AHORROS DOLARES,San Isidro,02/12/2021,1092.28
191-10937-43,C0937,CTA AHORROS DOLARES,Callao,29/10/2021,3571.75
191-10938-96,C0938,CTA AHORROS SOLES,Miraflores,16/07/2015,14459.24
191-10939-66,C0939,CTA AHORROS DOLARES,Surco,08/12/2012,2123.68
191-10940-54,C0940,CTA CORRIENTE,Callao,14/11/2014,12472.56
191-10941-85,C0941,NA,Miraflores,15/03/2017,5779.53
191-10942-41,C0942,CTA AHORROS SOLES,San Isidro,04/03/2023,661.7
191-10943-91,C0943,CTA AHORROS SOLES,Cajamarca,03/09/2023,9515.38
191-10944-61,C0944,NA,Lince,26/05/2019,9468.34
191-10945-18,C0945,NA,Lince,31/10/2021,6736.74
191-10946-41,C0946,CTA CORRIENTE,Lince,06/10/2021,3891.61
191-10947-27,C0947,CTA AHORROS DOLARES,Cajamarca,24/05/2023,9698.89
191-10948-77,C0948,CTA AHORROS SOLES,Miraflores,02/02/2010,10246.46
191-10949-65,C0949,CTA AHORROS DOLARES,Cajamarca,13/07/2021,2787.8
191-10950-40,C0950,CTA CORRIENTE,Cajamarca,26/01/2017,9391.26
191-10951-30,C0951,NA,Miraflores,07/02/2015,4856.11
191-10952-52,C0952,CTA CORRIENTE,La Molina,28/02/2016,10687.27
191-10953-40,C0953,CTA AHORROS SOLES,Surco,31/10/2010,7163.25
191-10954-28,C0954,CTA AHORROS SOLES,Surco,16/06/2015,11989.97
191-10955-40,C0955,NA,San Isidro,12/06/2022,4321.99
191-10956-38,C0956,CTA AHORROS DOLARES,Lince,13/05/2016,2988.64
191-10957-75,C0957,CTA AHORROS DOLARES,San Isidro,26/09/2017,1525.45
191-10958-45,C0958,CTA AHORROS DOLARES,La Molina,28/12/2018,2126.48
191-10959-74,C0959,CTA AHORROS DOLARES,Cajamarca,26/02/2013,5811.05
191-10960-49,C0960,CTA CORRIENTE,Surco,27/11/2012,7714.53
191-10961-55,C0961,NA,Surco,18/04/2020,12554.81
191-10962-85,C0962,CTA AHORROS SOLES,Callao,11/06/2013,12331.43
191-10963-33,C0963,CTA CORRIENTE,Callao,30/05/2018,4833.64
191-10964-28,C0964,CTA AHORROS DOLARES,Surco,13/05/2014,5308.1
191-10965-48,C0965,CTA AHORROS SOLES,La Molina,26/10/2010,3310.75
191-10966-33,C0966,CTA CORRIENTE,La Molina,06/11/2019,3699.71
191-10967-89,C0967,CTA CORRIENTE,Cajamarca,03/08/2011,5901.69
191-10968-24,C0968,CTA AHORROS DOLARES,Callao,07/08/2012,9010.71
191-10969-67,C0969,CTA AHORROS SOLES,Callao,21/11/2024,1076.29
191-10970-81,C0970,CTA AHORROS DOLARES,Cajamarca,09/03/2013,13614.47
191-10971-37,C0971,NA,San Isidro,09/05/2013,4184.86
191-10972-79,C0972,CTA CORRIENTE,San Isidro,18/07/2022,9533.47
191-10973-19,C0973,NA,Lince,18/05/2023,3661.9
191-10974-91,C0974,CTA AHORROS DOLARES,Callao,04/07/2011,10070.38
191-10975-87,C0975,CTA CORRIENTE,Miraflores,11/09/2020,7017.54
191-10976-30,C0976,NA,Cajamarca,11/03/2014,1041.25
191-10977-47,C0977,CTA AHORROS SOLES,Lince,14/08/2023,11445.37
191-10978-44,C0978,CTA AHORROS SOLES,San Isidro,13/07/2013,3464.96
191-10979-16,C0979,CTA AHORROS DOLARES,Lince,29/01/2014,11391.86
191-10980-92,C0980,CTA AHORROS DOLARES,Miraflores,01/03/2021,13528.67
191-10981-77,C0981,NA,San Isidro,01/11/2022,9001.03
191-10982-55,C0982,NA,Cajamarca,02/10/2022,14209.74
191-10983-91,C0983,CTA AHORROS DOLARES,Cajamarca,21/05/2021,9063.76
191-10984-94,C0984,CTA AHORROS DOLARES,San Isidro,28/04/2013,5946.48
191-10985-88,C0985,CTA AHORROS DOLARES,San Isidro,22/06/2016,9339.72
191-10986-56,C0986,CTA AHORROS DOLARES,Callao,26/12/2021,10695.42
191-10987-44,C0987,CTA AHORROS DOLARES,Miraflores,17/08/2017,9632.32
191-10988-27,C0988,CTA AHORROS DOLARES,Surco,26/10/2019,11775.86
191-10989-98,C0989,CTA AHORROS SOLES,Callao,16/03/2011,12714.47
191-10990-15,C0990,NA,San Isidro,17/01/2019,9805.7
191-10991-59,C0991,CTA AHORROS DOLARES,Lince,31/05/2011,9365.49
191-10992-66,C0992,CTA AHORROS DOLARES,Cajamarca,12/11/2014,3459.73
191-10993-87,C0993,NA,San Isidro,08/04/2016,5813.42
191-10994-51,C0994,CTA CORRIENTE,Surco,22/01/2022,11179.36
191-10995-24,C0995,CTA AHORROS DOLARES,Surco,12/08/2017,4081.1
191-10996-66,C0996,CTA AHORROS DOLARES,Lince,05/11/2018,3901.12
191-10997-12,C0997,CTA CORRIENTE,La Molina,23/06/2011,2733.03
191-10998-86,C0998,NA,La Molina,20/03/2015,3786.56
191-10999-65,C0999,CTA AHORROS SOLES,La Molina,18/04/2024,1125.35
191-11000-63,C1000,CTA AHORROS SOLES,Miraflores,12/01/2020,1289.41
